"is_deleted";"created_date";"updated_date";"user_id";"email";"name";"password";"role"
"0";"2025-07-03 11:35:37.067243";"2025-07-04 16:06:58.501950";1;"admin@gmail.com";"Vighnesh";"$2a$10$tpyJtVbrxOH.P4fU45InHuzkEQXcQxwN9kHWcoaAzmxLY2wnXjk/O";"admin"
"0";"2025-07-04 14:34:15.423801";"2025-07-07 08:19:18.127508";2;"vighnesh900@gmail.com";"Vighnesh";"$2a$10$XW9vbv3EHyZNi0qCpQh3eeU08bKYVk8izcq37D5DchSNcvjHFI/4W";"user"
"0";"2025-07-06 11:34:12.269195";"2025-07-06 11:37:42.242092";3;"sowmya@gmail.com";"Sowmya";"$2a$10$rND38HXeq7CsMSnySpi5VOBdO.iJvEovsO29jFoLwA6V5ob/phQ9u";"user"
"0";"2025-07-07 10:28:43.340767";"2025-07-07 10:28:43.340767";4;"chakri@gmail.com";"Chakrish";"$2a$10$D1x8bkdPS4/eM/Mrhb2zAeZz6s/Kkb4nG86PYWRFEyAg8BYXyHOY6";"user"
"0";"2025-07-07 10:43:06.863947";"2025-07-07 10:48:05.776376";5;"preetham@gmail.com";"Preetham";"$2a$10$DyXvA6qHEqPnhqWskRCn6.x9Cd7Gj9fgzRzPGpm2tl4jeZS3sE/Dm";"user"
